{
  "width": 640,
  "height": 320,
  "fps": 30,
  "main": "./script/aez_bundle_main.js",
  "assets": {
    "se": {
      "type": "audio",
      "path": "files/aea88cd01152840e6725",
      "systemId": "sound",
      "duration": 250,
      "virtualPath": "audio/se"
    },
    "parameterObject": {
      "type": "script",
      "path": "files/f69efd9b51d31d911da0.js",
      "global": false,
      "virtualPath": "script/parameterObject.js"
    },
    "toomo": {
      "type": "image",
      "width": 100,
      "height": 75,
      "path": "files/177cf974197fb1feea80.png",
      "virtualPath": "image/toomo.png"
    },
    "karaoke": {
      "type": "image",
      "width": 80,
      "height": 72,
      "path": "files/67677ce88ac1d858334d.png",
      "virtualPath": "image/karaoke.png"
    },
    "bakkure_1": {
      "type": "image",
      "width": 40,
      "height": 40,
      "path": "files/fd76a3f287aa0e10de75.png",
      "virtualPath": "image/bakkure_1.png"
    },
    "doutei_toomo": {
      "type": "image",
      "width": 80,
      "height": 44,
      "path": "files/3547fe1b52866423e582.png",
      "virtualPath": "image/doutei_toomo.png"
    },
    "inu": {
      "type": "image",
      "width": 80,
      "height": 66,
      "path": "files/e2427633ba930cefaf18.png",
      "virtualPath": "image/inu.png"
    },
    "irasutoya_kousya": {
      "type": "image",
      "width": 100,
      "height": 61,
      "path": "files/05dc3f8283ec46e7bcab.png",
      "virtualPath": "image/irasutoya_kousya.png"
    },
    "karaoke_2": {
      "type": "image",
      "width": 80,
      "height": 57,
      "path": "files/8d316cf812eaa3fbcfec.png",
      "virtualPath": "image/karaoke_2.png"
    },
    "tuusinbo": {
      "type": "image",
      "width": 100,
      "height": 56,
      "path": "files/ad5889e04f07f49872c1.png",
      "virtualPath": "image/tuusinbo.png"
    },
    "hari": {
      "type": "image",
      "width": 30,
      "height": 30,
      "path": "files/47438010991a4c4d021b.png",
      "virtualPath": "image/hari.png"
    },
    "hari_hanten": {
      "type": "image",
      "width": 30,
      "height": 30,
      "path": "files/6693b687b77a12cbb35c.png",
      "virtualPath": "image/hari_hanten.png"
    },
    "A": {
      "type": "audio",
      "path": "files/92d7ad833aa116e5a1ee",
      "systemId": "sound",
      "duration": 233,
      "virtualPath": "audio/A"
    },
    "D": {
      "type": "audio",
      "path": "files/37d1e4e41dee473945e4",
      "systemId": "sound",
      "duration": 233,
      "virtualPath": "audio/D"
    },
    "H": {
      "type": "audio",
      "path": "files/416d8a3be94b89d70e17",
      "systemId": "sound",
      "duration": 395,
      "virtualPath": "audio/H"
    },
    "GET": {
      "type": "audio",
      "path": "files/18e33bf5136b5b6fd9d9",
      "systemId": "sound",
      "duration": 906,
      "virtualPath": "audio/GET"
    },
    "GET_Short": {
      "type": "audio",
      "path": "files/3e248b6f2257376a88b8",
      "systemId": "sound",
      "duration": 442,
      "virtualPath": "audio/GET_Short"
    },
    "korean": {
      "type": "image",
      "width": 80,
      "height": 67,
      "path": "files/df993845e80dd26fc1f2.png",
      "virtualPath": "image/korean.png"
    },
    "launch": {
      "type": "image",
      "width": 80,
      "height": 49,
      "path": "files/9764e552b627d6607f16.png",
      "virtualPath": "image/launch.png"
    },
    "taoru": {
      "type": "image",
      "width": 80,
      "height": 85,
      "path": "files/c0148619d0c8098240a1.png",
      "virtualPath": "image/taoru.png"
    },
    "nami": {
      "type": "image",
      "width": 640,
      "height": 100,
      "path": "files/e0b0de2e3d53139216e9.png",
      "virtualPath": "image/nami.png"
    },
    "title": {
      "type": "image",
      "width": 640,
      "height": 320,
      "path": "files/6a2fc763d1ca590c49f9.png",
      "virtualPath": "image/title.png"
    },
    "nami_2": {
      "type": "image",
      "width": 640,
      "height": 100,
      "path": "files/a0cc952c8511c517f3ef.png",
      "virtualPath": "image/nami_2.png"
    },
    "nami_3": {
      "type": "image",
      "width": 640,
      "height": 100,
      "path": "files/d3fda98b40322c5db855.png",
      "virtualPath": "image/nami_3.png"
    },
    "icon": {
      "type": "image",
      "width": 160,
      "height": 160,
      "path": "files/9942b1a81a388b720ec2.png",
      "virtualPath": "image/icon.png"
    },
    "aez_bundle_main": {
      "type": "script",
      "global": true,
      "path": "files/f086925699839f7a9594.js",
      "virtualPath": "script/aez_bundle_main.js"
    }
  },
  "environment": {
    "sandbox-runtime": "2",
    "niconico": {
      "supportedModes": [
        "ranking"
      ],
      "preferredSessionParameters": {
        "totalTimeLimit": 65
      }
    },
    "external": {
      "send": "0"
    },
    "akashic-runtime": {
      "version": "~2.1.33",
      "flavor": "-canvas"
    }
  },
  "globalScripts": [],
  "moduleMainScripts": {
    "@akashic-extension/akashic-label": "node_modules/@akashic-extension/akashic-label/lib/index.js"
  },
  "exportZipInfo": {
    "version": "0.4.5",
    "option": {
      "force": true,
      "strip": true,
      "minify": false,
      "bundle": true,
      "babel": true,
      "omitEmptyJs": true
    }
  }
}